Wait,,,,,,,,,,,,,,,,,,,,,,,,,,,,,,,,,,,,,,,,,,,,,,,,,,,,,,,,,,,,,,,,,,,
Batch: 22,,,,,,,,,,,,,,,,,,,,,,,,,,,,,,,,,,,,,,,,,,,,,,,,,,,,,,,,,,,,,,,,,,,
0,,,,,,,,,,,,,,,,,,,,,,,,,,,,,,,,,,,,,,,,,,,,,,,,,,,,,,,,,,,,,,,,,,,
1,,,,,,,,,,,,,,,,,,,,,,,,,,,,,,,,,,,,,,,,,,,,,,,,,,,,,,,,,,,,,,,,,,,
Go,,,,,,,,,,,,,,,,,,,,,,,,,,,,,,,,,,,,,,,,,,,,,,,,,,,,,,,,,,,,,,,,,,,
3,3,3,2,2,3,3,3,3,2,3,3,3,2,3,3,2,3,2,2,3,4,3,3,3,3,2,3,3,3,2,2,0,-4,-11,-25,-35,-54,-70,-78,-76,-64,-64,-68,-71,-66,-55,-43,-38,-39,-34,-29,-24,-23,-18,-12,-8,-2,5,6,5,12,25,33,33,27,27,24
55,55,55,55,55,55,55,55,55,55,55,55,55,55,55,55,55,55,55,55,55,55,56,55,55,55,55,55,55,55,55,55,54,52,53,57,61,66,64,62,64,64,59,58,60,60,58,58,59,52,50,50,49,42,38,37,35,34,34,30,21,16,10,2,0,-7,-8,-14
-17,-16,-17,-17,-17,-17,-17,-17,-18,-17,-17,-17,-17,-17,-17,-17,-17,-17,-17,-17,-18,-17,-17,-17,-17,-18,-17,-17,-17,-18,-17,-17,-19,-19,-21,-27,-29,-34,-56,-70,-73,-80,-79,-74,-74,-79,-81,-84,-85,-82,-75,-74,-77,-75,-70,-63,-49,-35,-26,-24,-21,-18,-12,-5,0,-3,-2,0
0,0,0,0,0,0,0,0,0,0,0,0,0,0,0,0,0,0,0,0,0,0,0,0,0,0,0,0,0,0,0,0,0,0,3,9,12,14,23,39,56,70,78,86,93,100,105,111,116,120,127,127,127,127,127,127,127,127,127,126,115,104,97,91,80,74,68,58
0,0,0,0,0,0,0,0,0,0,0,0,0,0,0,0,0,0,0,0,0,0,0,0,0,0,0,0,0,0,0,0,0,1,5,16,28,39,45,48,44,44,43,33,11,-11,-21,-18,-6,5,7,7,10,14,18,20,15,6,-3,-11,-18,-25,-19,-3,9,14,17,21
0,0,0,0,0,0,0,0,0,0,0,0,0,0,0,0,0,0,0,0,0,0,0,0,0,0,0,0,0,0,0,0,-1,-2,-4,-14,-29,-46,-66,-80,-94,-102,-108,-111,-107,-106,-110,-116,-121,-127,-127,-127,-127,-127,-127,-127,-125,-121,-105,-91,-90,-92,-90,-93,-82,-70,-68,-66
Wait,,,,,,,,,,,,,,,,,,,,,,,,,,,,,,,,,,,,,,,,,,,,,,,,,,,,,,,,,,,,,,,,,,,
Batch: 23,,,,,,,,,,,,,,,,,,,,,,,,,,,,,,,,,,,,,,,,,,,,,,,,,,,,,,,,,,,,,,,,,,,
0,,,,,,,,,,,,,,,,,,,,,,,,,,,,,,,,,,,,,,,,,,,,,,,,,,,,,,,,,,,,,,,,,,,
1,,,,,,,,,,,,,,,,,,,,,,,,,,,,,,,,,,,,,,,,,,,,,,,,,,,,,,,,,,,,,,,,,,,
Go,,,,,,,,,,,,,,,,,,,,,,,,,,,,,,,,,,,,,,,,,,,,,,,,,,,,,,,,,,,,,,,,,,,
0,0,0,0,1,0,0,0,1,0,0,0,0,0,0,0,0,0,0,0,0,0,0,0,0,0,0,0,0,0,0,0,0,0,0,0,1,1,1,1,0,1,-2,-14,-25,-27,-29,-32,-36,-40,-47,-54,-54,-46,-38,-36,-40,-47,-58,-66,-62,-52,-48,-39,-33,-24,-11,-7
55,55,55,55,55,55,55,55,55,54,55,55,55,55,55,55,55,55,55,55,54,55,54,54,55,55,55,55,54,54,55,55,55,55,55,55,55,54,55,55,55,54,54,54,55,57,57,58,57,54,54,54,55,57,60,60,54,49,46,45,45,44,42,35,29,27,23,19
-15,-15,-16,-15,-15,-16,-14,-15,-15,-15,-15,-15,-16,-15,-15,-15,-16,-16,-15,-15,-15,-16,-15,-15,-15,-15,-15,-14,-15,-15,-15,-16,-16,-15,-15,-14,-15,-15,-16,-15,-16,-16,-16,-16,-16,-16,-22,-25,-28,-33,-40,-42,-42,-41,-42,-45,-49,-53,-60,-64,-67,-74,-79,-75,-75,-72,-66,-67
0,0,0,0,0,0,0,0,0,0,0,0,0,0,0,0,0,0,0,0,0,0,0,0,0,0,0,0,0,0,0,0,0,0,0,0,0,0,0,0,0,0,0,0,2,5,9,10,11,14,19,24,32,40,44,43,45,50,59,69,77,86,93,98,108,123,127,127
0,0,0,0,0,0,0,0,0,0,0,0,0,0,0,0,0,0,0,0,0,0,0,0,0,0,0,0,0,0,0,0,0,0,0,0,0,0,0,0,1,3,10,14,15,16,22,29,31,27,19,4,-9,-15,-8,9,30,44,47,38,25,25,32,37,48,58,75,96
0,0,0,0,0,0,0,0,0,0,0,0,0,0,0,0,0,0,0,0,0,0,0,0,0,0,0,0,0,0,0,0,0,0,0,0,0,0,0,0,0,-1,-3,-10,-17,-22,-29,-39,-47,-52,-54,-58,-62,-64,-72,-85,-99,-107,-111,-114,-114,-114,-120,-125,-122,-116,-113,-114
Wait,,,,,,,,,,,,,,,,,,,,,,,,,,,,,,,,,,,,,,,,,,,,,,,,,,,,,,,,,,,,,,,,,,,
Batch: 24,,,,,,,,,,,,,,,,,,,,,,,,,,,,,,,,,,,,,,,,,,,,,,,,,,,,,,,,,,,,,,,,,,,
0,,,,,,,,,,,,,,,,,,,,,,,,,,,,,,,,,,,,,,,,,,,,,,,,,,,,,,,,,,,,,,,,,,,
1,,,,,,,,,,,,,,,,,,,,,,,,,,,,,,,,,,,,,,,,,,,,,,,,,,,,,,,,,,,,,,,,,,,
Go,,,,,,,,,,,,,,,,,,,,,,,,,,,,,,,,,,,,,,,,,,,,,,,,,,,,,,,,,,,,,,,,,,,
2,2,1,1,1,2,2,2,3,3,2,2,2,3,4,4,3,3,2,2,2,1,1,1,2,3,3,2,2,2,2,2,3,3,2,2,2,3,3,2,0,-1,-3,-5,-7,-15,-22,-30,-37,-36,-37,-47,-60,-69,-71,-65,-61,-62,-62,-65,-68,-68,-61,-47,-38,-31,-26,-22
56,56,56,56,56,56,57,56,55,56,55,56,55,56,56,56,56,55,56,56,56,56,56,56,55,56,56,56,55,55,55,55,56,56,56,56,55,55,55,55,55,54,54,55,56,58,58,59,60,59,56,53,54,55,57,60,61,62,63,61,59,57,57,55,53,50,45,39
-15,-16,-16,-16,-15,-15,-14,-15,-15,-15,-16,-14,-14,-14,-14,-14,-14,-15,-15,-16,-16,-16,-16,-15,-15,-15,-15,-15,-15,-16,-15,-15,-14,-15,-15,-15,-15,-15,-15,-14,-14,-14,-15,-16,-17,-18,-18,-18,-23,-28,-36,-40,-44,-46,-47,-51,-58,-67,-74,-81,-80,-76,-70,-64,-63,-60,-55,-46
0,0,0,0,0,1,0,0,0,0,0,0,0,0,0,0,0,0,0,0,0,0,0,0,0,0,0,0,0,0,0,0,0,0,0,-1,-1,0,0,0,-1,0,0,1,1,0,0,0,2,4,8,13,20,30,40,49,58,66,75,85,94,103,110,113,114,113,112,112
0,-1,-1,-1,-1,-1,0,0,0,0,0,0,0,-1,0,0,1,0,1,1,1,1,0,0,0,0,1,1,1,0,0,0,0,1,2,2,2,1,1,2,2,1,-1,-3,-3,0,0,2,1,4,18,32,38,29,11,-2,0,8,16,24,26,15,-2,-20,-22,-14,-3,1
0,0,0,0,0,0,0,0,0,0,-1,0,0,0,0,0,0,0,0,0,0,0,0,0,0,0,0,0,0,0,0,0,0,0,0,0,0,0,0,0,0,0,1,0,-1,-7,-13,-20,-29,-37,-51,-68,-82,-91,-94,-93,-98,-110,-119,-127,-127,-127,-127,-123,-121,-127,-127,-127
Wait,,,,,,,,,,,,,,,,,,,,,,,,,,,,,,,,,,,,,,,,,,,,,,,,,,,,,,,,,,,,,,,,,,,
Batch: 25,,,,,,,,,,,,,,,,,,,,,,,,,,,,,,,,,,,,,,,,,,,,,,,,,,,,,,,,,,,,,,,,,,,
0,,,,,,,,,,,,,,,,,,,,,,,,,,,,,,,,,,,,,,,,,,,,,,,,,,,,,,,,,,,,,,,,,,,
1,,,,,,,,,,,,,,,,,,,,,,,,,,,,,,,,,,,,,,,,,,,,,,,,,,,,,,,,,,,,,,,,,,,
Go,,,,,,,,,,,,,,,,,,,,,,,,,,,,,,,,,,,,,,,,,,,,,,,,,,,,,,,,,,,,,,,,,,,
2,2,3,2,3,2,2,2,2,2,3,3,3,3,3,2,3,3,3,2,2,1,2,3,3,2,2,2,4,3,2,2,2,2,3,4,3,3,2,2,1,0,-4,-8,-14,-23,-39,-50,-52,-49,-50,-56,-63,-68,-67,-61,-59,-60,-59,-60,-61,-51,-42,-31,-24,-23,-19,-13
56,55,55,56,56,55,55,56,56,56,55,55,55,56,56,56,55,55,55,55,55,56,56,55,55,55,56,56,55,54,55,56,56,55,55,56,55,55,55,56,55,54,54,54,57,59,59,62,61,60,61,58,57,58,59,62,61,61,60,55,54,53,52,49,47,45,40,37
-15,-16,-16,-16,-16,-16,-16,-16,-16,-16,-16,-15,-16,-16,-16,-16,-15,-17,-16,-16,-16,-16,-16,-17,-17,-16,-16,-17,-16,-17,-16,-16,-16,-16,-16,-16,-15,-16,-16,-16,-16,-16,-14,-15,-15,-19,-23,-27,-32,-39,-45,-53,-59,-66,-72,-77,-79,-82,-79,-81,-82,-75,-68,-58,-54,-53,-44,-38
0,0,0,0,0,0,0,0,0,0,0,0,0,0,0,0,0,0,0,0,0,0,0,0,0,0,0,0,0,0,0,0,0,0,0,0,0,0,0,0,0,0,0,1,2,0,0,2,10,18,23,29,39,51,65,78,88,96,102,111,119,123,127,127,127,127,126,122
0,0,0,0,0,0,0,0,0,0,0,0,0,0,0,0,0,0,0,0,0,0,0,0,0,0,0,0,0,0,0,0,0,0,0,0,0,1,1,0,0,0,0,0,3,11,15,15,12,13,17,18,14,7,3,5,15,22,19,13,4,-5,-9,-13,-8,0,3,10
0,0,0,0,0,0,0,0,0,0,0,0,0,0,0,0,0,0,0,0,0,0,0,0,0,0,0,-1,0,0,0,0,0,0,0,0,0,0,0,0,0,0,0,-2,-6,-18,-28,-38,-48,-61,-71,-80,-87,-91,-95,-101,-113,-124,-126,-125,-127,-127,-127,-127,-124,-127,-127,-127
Wait,,,,,,,,,,,,,,,,,,,,,,,,,,,,,,,,,,,,,,,,,,,,,,,,,,,,,,,,,,,,,,,,,,,
Batch: 26,,,,,,,,,,,,,,,,,,,,,,,,,,,,,,,,,,,,,,,,,,,,,,,,,,,,,,,,,,,,,,,,,,,
0,,,,,,,,,,,,,,,,,,,,,,,,,,,,,,,,,,,,,,,,,,,,,,,,,,,,,,,,,,,,,,,,,,,
1,,,,,,,,,,,,,,,,,,,,,,,,,,,,,,,,,,,,,,,,,,,,,,,,,,,,,,,,,,,,,,,,,,,
Go,,,,,,,,,,,,,,,,,,,,,,,,,,,,,,,,,,,,,,,,,,,,,,,,,,,,,,,,,,,,,,,,,,,
1,1,1,1,1,1,0,0,0,1,1,1,0,0,1,1,1,1,1,0,0,0,-1,-4,-9,-14,-26,-38,-49,-57,-69,-83,-87,-83,-70,-61,-59,-59,-57,-56,-54,-48,-38,-32,-23,-19,-17,-11,-4,-4,-11,-17,-11,0,1,2,9,17,19,27,28,24,25,26,33,32,36,34
54,54,54,54,54,54,54,54,54,54,54,53,54,54,54,54,54,54,54,54,53,53,53,53,53,54,57,56,55,53,49,48,47,49,54,58,60,59,59,60,62,63,61,59,55,49,46,42,36,26,22,23,13,8,10,15,15,15,9,2,-2,-10,-17,-24,-28,-35,-26,-27
-16,-17,-17,-17,-17,-17,-17,-18,-17,-17,-18,-17,-17,-18,-16,-17,-17,-17,-17,-17,-17,-16,-17,-16,-15,-17,-19,-23,-30,-40,-55,-64,-68,-66,-67,-72,-78,-83,-89,-91,-92,-92,-85,-82,-73,-69,-62,-56,-52,-49,-47,-45,-40,-34,-30,-18,-6,1,13,14,19,18,19,23,21,29,25,25
0,0,0,0,0,0,0,0,0,0,0,0,0,0,0,0,0,0,0,0,0,0,0,0,0,0,0,-2,-4,-1,6,17,31,50,67,77,85,92,104,115,123,127,127,127,127,127,127,127,127,127,127,127,127,127,127,122,111,100,80,70,57,48,42,42,48,68,53,45
0,0,0,0,0,0,0,0,0,0,0,0,0,0,0,0,0,0,0,0,0,0,1,3,7,19,26,28,26,25,32,35,28,15,7,7,7,8,10,9,1,-4,-6,0,3,12,20,27,41,64,75,57,26,6,0,-6,-13,-13,-7,5,18,27,25,17,15,18,21,12
0,0,0,0,0,0,0,0,0,0,0,0,0,0,0,0,0,0,0,0,0,0,0,-1,-6,-14,-21,-29,-36,-44,-58,-76,-91,-97,-99,-101,-106,-111,-114,-116,-118,-119,-122,-125,-127,-127,-127,-127,-127,-127,-127,-127,-109,-91,-82,-79,-81,-78,-70,-81,-84,-81,-74,-63,-50,-41,-34,-32
Wait,,,,,,,,,,,,,,,,,,,,,,,,,,,,,,,,,,,,,,,,,,,,,,,,,,,,,,,,,,,,,,,,,,,
Batch: 27,,,,,,,,,,,,,,,,,,,,,,,,,,,,,,,,,,,,,,,,,,,,,,,,,,,,,,,,,,,,,,,,,,,
0,,,,,,,,,,,,,,,,,,,,,,,,,,,,,,,,,,,,,,,,,,,,,,,,,,,,,,,,,,,,,,,,,,,
1,,,,,,,,,,,,,,,,,,,,,,,,,,,,,,,,,,,,,,,,,,,,,,,,,,,,,,,,,,,,,,,,,,,
Go,,,,,,,,,,,,,,,,,,,,,,,,,,,,,,,,,,,,,,,,,,,,,,,,,,,,,,,,,,,,,,,,,,,
2,2,1,0,0,-1,-1,-4,-6,-8,-10,-10,-11,-14,-20,-31,-39,-36,-35,-39,-46,-54,-58,-56,-53,-53,-55,-58,-59,-52,-47,-46,-43,-37,-31,-24,-19,-15,-15,-13,-10,0,6,7,12,18,17,11,15,26,27,24,26,31,39,47,57,42,44,45,45,44,43,42,42,41,40,35
55,55,56,55,54,54,54,55,54,55,56,57,58,57,54,54,53,50,51,52,52,52,52,54,56,55,54,49,47,44,42,37,36,32,29,32,29,17,15,24,31,26,16,7,-1,-9,-11,-11,-9,-8,-11,-11,-14,-17,-18,-24,-14,-20,-17,-21,-21,-20,-22,-23,-24,-22,-23,-22
-13,-15,-14,-15,-15,-14,-15,-14,-14,-15,-14,-12,-13,-17,-22,-31,-39,-40,-41,-45,-50,-57,-61,-68,-73,-78,-81,-87,-85,-82,-80,-76,-78,-74,-66,-66,-64,-51,-32,-28,-28,-29,-33,-26,-25,-22,-10,-5,-4,-4,0,7,12,20,26,29,35,35,37,39,39,39,37,34,31,25,18,12
0,0,0,0,0,0,0,0,0,0,0,1,0,-3,-2,0,6,15,24,31,38,47,58,71,81,89,95,105,116,123,127,127,127,127,127,127,127,127,127,127,127,127,111,100,96,96,89,78,76,76,70,59,50,42,37,37,54,34,20,7,-3,-17,-29,-40,-51,-60,-66,-72
0,0,-1,-1,-1,0,-1,-2,-3,-1,1,4,7,9,13,17,19,23,29,33,36,34,31,29,34,42,45,44,41,35,31,26,19,16,15,19,32,35,30,13,-9,-17,-8,1,14,37,52,43,24,19,22,15,0,-13,-22,-20,-11,-7,-12,-9,-5,-6,-8,-9,-11,-12,-14,-17
0,1,1,0,0,0,0,0,-2,-5,-9,-12,-16,-20,-26,-33,-44,-55,-63,-67,-72,-79,-85,-90,-95,-104,-110,-109,-108,-110,-112,-113,-107,-104,-108,-105,-102,-111,-109,-82,-63,-71,-83,-93,-96,-100,-103,-88,-65,-58,-60,-63,-55,-44,-35,-25,-19,-8,-3,0,6,12,18,23,29,36,43,49
Wait,,,,,,,,,,,,,,,,,,,,,,,,,,,,,,,,,,,,,,,,,,,,,,,,,,,,,,,,,,,,,,,,,,,
Batch: 28,,,,,,,,,,,,,,,,,,,,,,,,,,,,,,,,,,,,,,,,,,,,,,,,,,,,,,,,,,,,,,,,,,,
0,,,,,,,,,,,,,,,,,,,,,,,,,,,,,,,,,,,,,,,,,,,,,,,,,,,,,,,,,,,,,,,,,,,
1,,,,,,,,,,,,,,,,,,,,,,,,,,,,,,,,,,,,,,,,,,,,,,,,,,,,,,,,,,,,,,,,,,,
Go,,,,,,,,,,,,,,,,,,,,,,,,,,,,,,,,,,,,,,,,,,,,,,,,,,,,,,,,,,,,,,,,,,,
0,0,0,0,0,0,1,0,0,1,1,1,0,0,1,1,0,0,1,1,1,0,0,0,0,1,1,1,0,0,1,1,2,1,1,1,1,0,-2,-10,-29,-43,-45,-45,-46,-50,-57,-66,-72,-71,-61,-48,-46,-50,-53,-49,-44,-40,-38,-33,-29,-26,-25,-23,-17,-8,0,-3
55,55,55,55,55,55,55,56,55,55,55,55,55,54,55,55,55,55,56,56,55,55,55,55,56,55,56,56,56,56,55,56,55,56,55,55,54,54,53,54,55,57,57,55,56,57,57,59,61,65,65,61,58,55,53,49,46,43,38,33,28,26,25,21,17,14,16,13
-14,-15,-14,-15,-15,-16,-15,-15,-14,-13,-13,-13,-14,-15,-15,-14,-14,-14,-13,-14,-14,-14,-14,-14,-14,-15,-14,-14,-15,-14,-14,-14,-13,-13,-13,-14,-14,-17,-18,-23,-26,-28,-34,-41,-48,-55,-61,-65,-69,-69,-69,-70,-69,-71,-71,-70,-70,-67,-66,-63,-54,-49,-51,-46,-38,-31,-32,-30
0,0,0,0,0,0,0,0,0,0,0,0,-1,0,0,0,0,0,0,0,0,0,0,0,0,0,0,0,0,0,0,0,0,0,0,0,-1,0,1,3,2,5,8,15,25,36,50,64,78,86,90,93,97,100,105,110,115,117,119,123,126,127,127,127,126,124,124,120
0,0,0,0,0,0,0,0,0,0,0,0,0,1,1,1,0,0,0,0,0,1,0,0,0,0,0,1,1,0,0,0,1,1,1,1,1,3,9,16,18,12,6,11,24,37,46,49,40,18,0,-2,3,7,3,0,0,2,6,11,17,20,23,17,9,6,13,20
0,0,0,0,0,0,0,0,0,0,0,0,0,-1,0,0,0,0,0,0,0,0,0,0,0,0,0,0,0,0,0,0,0,0,0,0,0,1,0,-5,-13,-23,-30,-40,-55,-69,-82,-92,-97,-96,-95,-99,-105,-111,-113,-114,-116,-121,-124,-125,-127,-127,-121,-121,-120,-112,-101,-100
Wait,,,,,,,,,,,,,,,,,,,,,,,,,,,,,,,,,,,,,,,,,,,,,,,,,,,,,,,,,,,,,,,,,,,
Batch: 29,,,,,,,,,,,,,,,,,,,,,,,,,,,,,,,,,,,,,,,,,,,,,,,,,,,,,,,,,,,,,,,,,,,
0,,,,,,,,,,,,,,,,,,,,,,,,,,,,,,,,,,,,,,,,,,,,,,,,,,,,,,,,,,,,,,,,,,,
1,,,,,,,,,,,,,,,,,,,,,,,,,,,,,,,,,,,,,,,,,,,,,,,,,,,,,,,,,,,,,,,,,,,
Go,,,,,,,,,,,,,,,,,,,,,,,,,,,,,,,,,,,,,,,,,,,,,,,,,,,,,,,,,,,,,,,,,,,
3,3,3,3,2,2,2,2,3,3,3,3,2,3,2,3,3,4,2,2,2,3,4,4,4,2,2,3,4,3,2,2,3,4,3,3,2,0,-3,-6,-15,-27,-31,-31,-33,-42,-58,-66,-65,-57,-45,-40,-42,-42,-43,-49,-49,-46,-47,-46,-44,-42,-37,-34,-32,-29,-25,-18
55,55,56,56,56,56,55,55,56,56,56,56,56,56,56,56,56,56,56,56,55,55,55,55,55,56,56,56,56,55,56,55,55,55,56,55,53,53,56,57,57,58,58,59,60,59,56,55,57,56,53,55,58,56,53,53,52,49,48,43,38,35,33,29,24,21,18,18
-16,-16,-16,-16,-16,-17,-17,-17,-17,-16,-16,-15,-15,-16,-16,-16,-15,-16,-16,-16,-16,-16,-16,-15,-15,-17,-16,-16,-16,-16,-17,-17,-15,-15,-16,-16,-16,-17,-18,-19,-21,-22,-23,-29,-38,-53,-65,-70,-69,-66,-66,-63,-62,-60,-56,-56,-53,-53,-57,-53,-52,-50,-48,-47,-42,-35,-24,-18
0,0,0,0,0,0,0,0,0,0,0,0,0,0,0,0,0,0,-1,-1,-1,0,0,0,0,0,0,0,0,0,0,0,0,0,0,0,0,1,3,3,2,1,3,6,8,12,22,34,45,57,68,76,81,84,89,92,94,95,96,96,97,101,104,105,105,105,102,99
1,1,1,0,1,0,0,0,0,0,0,0,0,0,0,0,1,2,2,1,0,0,0,0,1,0,0,0,0,0,0,0,0,1,1,0,2,5,9,11,10,5,0,1,13,30,42,37,18,-5,-21,-23,-20,-13,-4,0,-5,-8,-4,-3,-3,-1,0,3,8,6,0,-2
0,0,1,1,0,0,0,0,0,0,0,0,0,0,0,0,0,0,0,0,0,0,0,0,0,0,0,0,0,0,0,0,0,0,0,0,0,0,-3,-6,-10,-15,-19,-26,-40,-60,-85,-102,-106,-99,-92,-92,-97,-102,-107,-111,-113,-114,-115,-119,-122,-119,-118,-119,-120,-121,-121,-117
Wait,,,,,,,,,,,,,,,,,,,,,,,,,,,,,,,,,,,,,,,,,,,,,,,,,,,,,,,,,,,,,,,,,,,
Batch: 30,,,,,,,,,,,,,,,,,,,,,,,,,,,,,,,,,,,,,,,,,,,,,,,,,,,,,,,,,,,,,,,,,,,
0,,,,,,,,,,,,,,,,,,,,,,,,,,,,,,,,,,,,,,,,,,,,,,,,,,,,,,,,,,,,,,,,,,,
1,,,,,,,,,,,,,,,,,,,,,,,,,,,,,,,,,,,,,,,,,,,,,,,,,,,,,,,,,,,,,,,,,,,
Go,,,,,,,,,,,,,,,,,,,,,,,,,,,,,,,,,,,,,,,,,,,,,,,,,,,,,,,,,,,,,,,,,,,
-1,-1,-2,-2,-2,-2,-2,-2,-2,-2,-2,-1,-1,-1,-1,-1,-2,-1,0,-1,-1,-1,-2,-2,-1,0,-1,-1,-1,-2,-1,0,0,-1,-2,-2,-2,-3,-4,-12,-22,-26,-28,-33,-41,-54,-67,-68,-50,-41,-39,-44,-51,-55,-55,-56,-56,-52,-49,-47,-48,-46,-40,-33,-29,-25,-21,-14
54,54,54,54,54,53,54,54,53,54,54,54,54,54,53,53,53,54,54,54,54,54,54,54,54,54,54,54,54,53,53,53,53,53,53,53,53,53,52,51,50,49,48,51,52,52,52,56,57,58,61,59,54,53,53,52,49,44,42,43,42,37,33,31,29,24,21,18
-14,-14,-14,-15,-15,-15,-15,-15,-15,-15,-14,-14,-14,-15,-14,-14,-15,-15,-14,-14,-15,-15,-14,-15,-14,-14,-15,-15,-14,-15,-14,-14,-15,-14,-15,-15,-15,-16,-19,-22,-24,-26,-31,-36,-45,-55,-67,-60,-57,-54,-50,-50,-48,-50,-52,-59,-60,-60,-61,-62,-61,-59,-55,-51,-46,-41,-32,-25
0,0,0,0,0,0,0,0,0,0,0,0,0,0,-1,0,0,0,0,0,0,0,0,-1,0,0,0,0,0,0,0,0,0,0,0,0,0,0,0,0,0,3,9,16,21,28,40,50,63,71,72,70,72,77,82,84,86,92,99,105,106,108,113,117,116,113,110,108
0,0,0,0,0,0,0,0,0,0,0,0,0,0,0,0,0,-1,0,0,0,1,0,0,0,0,0,0,0,0,0,0,0,0,0,0,0,1,4,8,5,0,-2,0,7,10,4,-16,-28,-18,-6,4,6,3,1,4,6,7,11,14,18,18,17,17,21,24,23,20
0,0,0,0,0,0,0,0,0,0,0,0,0,0,0,0,0,0,0,0,0,0,0,0,0,0,0,0,0,0,0,0,0,0,0,0,1,1,0,-2,-7,-8,-9,-13,-22,-37,-51,-59,-61,-68,-79,-90,-97,-98,-101,-107,-114,-118,-116,-117,-121,-127,-125,-121,-122,-126,-126,-118
Wait,,,,,,,,,,,,,,,,,,,,,,,,,,,,,,,,,,,,,,,,,,,,,,,,,,,,,,,,,,,,,,,,,,,
Batch: 31,,,,,,,,,,,,,,,,,,,,,,,,,,,,,,,,,,,,,,,,,,,,,,,,,,,,,,,,,,,,,,,,,,,
0,,,,,,,,,,,,,,,,,,,,,,,,,,,,,,,,,,,,,,,,,,,,,,,,,,,,,,,,,,,,,,,,,,,
1,,,,,,,,,,,,,,,,,,,,,,,,,,,,,,,,,,,,,,,,,,,,,,,,,,,,,,,,,,,,,,,,,,,
Go,,,,,,,,,,,,,,,,,,,,,,,,,,,,,,,,,,,,,,,,,,,,,,,,,,,,,,,,,,,,,,,,,,,
-1,0,-1,-2,-1,0,0,0,0,0,0,0,-1,-1,-1,0,0,0,0,0,0,0,0,-1,-1,-2,-1,0,-1,-1,-1,-1,-1,0,0,0,-1,-1,-1,-2,-3,-6,-10,-20,-33,-45,-47,-42,-50,-63,-72,-74,-68,-60,-57,-50,-48,-50,-49,-50,-46,-39,-33,-23,-19,-18,-16,-17
54,54,54,55,54,54,54,54,54,54,54,54,54,54,54,54,55,55,54,54,54,54,54,54,54,54,54,54,54,54,55,54,54,54,55,54,54,54,54,54,54,54,54,54,54,54,53,48,50,49,53,54,55,57,59,58,56,54,50,48,46,43,40,37,35,29,21,14
-14,-14,-15,-15,-14,-14,-14,-15,-14,-14,-14,-14,-15,-14,-14,-14,-13,-13,-13,-13,-13,-13,-14,-14,-14,-14,-14,-14,-13,-14,-15,-14,-15,-14,-13,-13,-13,-14,-14,-14,-15,-16,-17,-18,-26,-35,-43,-52,-60,-71,-72,-72,-67,-66,-64,-65,-69,-70,-69,-73,-71,-68,-61,-53,-54,-55,-49,-40
-2,-1,-1,0,-1,-1,-1,-1,-1,0,0,0,0,0,0,0,0,0,0,0,0,0,0,0,0,0,0,0,0,0,0,0,0,0,0,0,0,0,0,0,0,0,0,0,0,2,5,15,29,46,59,72,85,94,97,100,104,108,111,118,124,127,127,127,127,127,125,125
0,0,0,0,0,0,0,0,0,0,0,0,0,-1,-1,0,0,0,0,0,0,0,0,0,0,0,0,0,0,0,0,0,0,0,0,0,0,0,0,0,0,1,7,15,20,19,15,28,47,63,60,44,26,13,4,5,18,29,28,24,20,17,14,10,16,26,34,39
0,0,0,0,0,0,0,0,0,0,0,0,1,1,0,0,0,0,0,0,0,1,1,0,0,1,0,0,0,0,0,0,0,0,0,0,0,0,0,0,0,-1,-5,-13,-22,-32,-41,-50,-66,-85,-99,-101,-98,-96,-98,-101,-108,-117,-120,-114,-114,-117,-114,-108,-104,-107,-113,-114
Wait,,,,,,,,,,,,,,,,,,,,,,,,,,,,,,,,,,,,,,,,,,,,,,,,,,,,,,,,,,,,,,,,,,,
Batch: 32,,,,,,,,,,,,,,,,,,,,,,,,,,,,,,,,,,,,,,,,,,,,,,,,,,,,,,,,,,,,,,,,,,,
0,,,,,,,,,,,,,,,,,,,,,,,,,,,,,,,,,,,,,,,,,,,,,,,,,,,,,,,,,,,,,,,,,,,
1,,,,,,,,,,,,,,,,,,,,,,,,,,,,,,,,,,,,,,,,,,,,,,,,,,,,,,,,,,,,,,,,,,,
Go,,,,,,,,,,,,,,,,,,,,,,,,,,,,,,,,,,,,,,,,,,,,,,,,,,,,,,,,,,,,,,,,,,,
0,0,1,0,0,0,0,0,0,1,1,1,1,1,1,1,1,1,2,2,2,1,1,1,1,1,2,2,1,1,0,0,-1,-3,-5,-7,-12,-17,-24,-32,-35,-36,-34,-37,-41,-45,-46,-45,-44,-44,-45,-46,-46,-47,-46,-43,-41,-36,-30,-24,-18,-12,-9,-7,-8,-7,-3,-1
54,54,55,54,54,54,55,55,55,54,54,55,54,54,55,55,54,54,54,54,54,54,55,55,54,54,54,54,55,55,54,53,53,54,55,55,53,50,50,51,51,51,52,53,56,59,63,65,65,64,61,57,53,52,48,42,36,32,31,32,33,29,21,14,10,9,10,8
-17,-16,-17,-16,-17,-17,-17,-17,-18,-17,-17,-17,-17,-17,-17,-16,-17,-17,-16,-17,-17,-17,-16,-16,-16,-16,-15,-15,-14,-14,-14,-16,-17,-17,-18,-21,-24,-28,-30,-34,-39,-42,-47,-53,-57,-58,-62,-65,-67,-69,-71,-70,-71,-75,-79,-80,-77,-71,-64,-60,-55,-54,-47,-43,-34,-28,-26,-24
0,0,0,0,0,0,0,0,0,0,0,0,0,0,0,0,0,0,0,0,0,0,0,0,0,0,0,-1,-1,-2,-3,-3,-2,0,0,0,-1,1,5,10,15,21,29,38,48,57,66,73,80,86,93,99,105,111,115,118,125,127,127,127,127,127,127,127,127,127,127,123
-1,-1,0,0,-1,-1,-1,-2,-2,-1,0,0,0,0,0,0,0,-1,-1,0,0,0,0,0,0,0,0,0,0,0,0,0,1,2,2,2,3,4,4,2,-1,-4,-3,0,5,7,6,7,10,18,27,32,33,33,33,30,25,17,10,5,2,6,10,17,16,6,-2,-7
0,0,0,0,0,0,0,0,0,-1,0,-1,-1,-1,-1,-1,-1,0,0,0,0,0,1,1,0,1,1,1,2,2,2,2,1,1,0,-1,-2,-5,-8,-15,-22,-29,-36,-41,-47,-55,-63,-71,-81,-92,-100,-105,-105,-104,-109,-114,-114,-109,-104,-102,-101,-99,-102,-101,-97,-86,-71,-71
Wait,,,,,,,,,,,,,,,,,,,,,,,,,,,,,,,,,,,,,,,,,,,,,,,,,,,,,,,,,,,,,,,,,,,
Batch: 33,,,,,,,,,,,,,,,,,,,,,,,,,,,,,,,,,,,,,,,,,,,,,,,,,,,,,,,,,,,,,,,,,,,
0,,,,,,,,,,,,,,,,,,,,,,,,,,,,,,,,,,,,,,,,,,,,,,,,,,,,,,,,,,,,,,,,,,,
1,,,,,,,,,,,,,,,,,,,,,,,,,,,,,,,,,,,,,,,,,,,,,,,,,,,,,,,,,,,,,,,,,,,
Go,,,,,,,,,,,,,,,,,,,,,,,,,,,,,,,,,,,,,,,,,,,,,,,,,,,,,,,,,,,,,,,,,,,
2,2,2,2,2,2,2,2,2,2,2,2,3,3,3,3,2,3,4,3,2,2,2,2,2,0,-3,-7,-11,-17,-22,-21,-23,-24,-28,-37,-41,-42,-44,-50,-53,-54,-55,-54,-52,-52,-54,-55,-54,-52,-54,-46,-31,-15,-6,-5,-8,-15,-14,-8,0,4,6,11,15,15,17,18
56,56,56,56,56,56,56,56,56,56,56,56,56,56,56,56,56,56,56,56,56,55,56,56,55,54,55,57,57,58,60,63,59,59,56,54,51,51,53,54,57,58,57,56,54,51,49,46,41,37,38,38,38,35,22,9,4,5,7,7,4,-2,-5,-8,-12,-12,-16,-22
-14,-15,-15,-14,-15,-14,-14,-15,-14,-14,-15,-14,-14,-13,-14,-14,-14,-14,-13,-13,-14,-14,-13,-14,-14,-14,-14,-15,-14,-14,-16,-14,-20,-21,-29,-37,-41,-44,-47,-52,-56,-58,-60,-61,-62,-67,-71,-75,-75,-70,-69,-62,-55,-48,-43,-39,-36,-31,-26,-28,-28,-24,-21,-17,-17,-15,-15,-15
0,0,0,0,0,0,0,0,0,0,0,0,0,0,0,0,0,0,0,0,0,0,0,-1,-1,-1,0,0,0,0,0,-1,-3,-3,0,5,13,25,38,50,59,66,72,76,82,88,94,99,106,113,120,122,122,115,107,108,118,126,125,122,116,105,96,92,86,82,72,65
0,0,0,0,0,0,0,0,0,0,0,0,0,0,0,1,0,0,0,0,0,0,0,0,0,0,-1,-3,-4,-4,-4,-2,2,6,13,16,15,16,19,22,23,25,28,30,32,38,44,45,44,39,30,16,16,26,40,51,59,56,42,28,21,22,23,23,26,32,32,29
0,0,0,0,0,0,0,0,0,0,0,0,0,0,0,0,0,0,0,1,1,1,1,1,1,1,2,0,-4,-10,-19,-30,-41,-49,-52,-58,-65,-68,-70,-75,-82,-90,-98,-103,-105,-108,-114,-120,-124,-126,-125,-127,-127,-127,-127,-122,-108,-101,-98,-87,-83,-88,-92,-85,-81,-81,-71,-68
Wait,,,,,,,,,,,,,,,,,,,,,,,,,,,,,,,,,,,,,,,,,,,,,,,,,,,,,,,,,,,,,,,,,,,
Batch: 26,,,,,,,,,,,,,,,,,,,,,,,,,,,,,,,,,,,,,,,,,,,,,,,,,,,,,,,,,,,,,,,,,,,
0,,,,,,,,,,,,,,,,,,,,,,,,,,,,,,,,,,,,,,,,,,,,,,,,,,,,,,,,,,,,,,,,,,,
1,,,,,,,,,,,,,,,,,,,,,,,,,,,,,,,,,,,,,,,,,,,,,,,,,,,,,,,,,,,,,,,,,,,
Go,,,,,,,,,,,,,,,,,,,,,,,,,,,,,,,,,,,,,,,,,,,,,,,,,,,,,,,,,,,,,,,,,,,
-13,-13,-12,-12,-13,-12,-12,-13,-13,-15,-16,-16,-14,-12,-10,-10,-10,-11,-12,-14,-18,-24,-37,-61,-86,-101,-99,-90,-85,-70,-62,-54,-42,-33,-19,-9,2,14,25,36,45,57,69,79,78,95,102,117,127,127,127,127,127,103,71,48,33,23,25,32,38,45,45,46,43,38,34,
16,16,16,17,16,16,16,16,16,15,16,16,16,17,17,17,16,16,15,14,12,9,9,8,7,6,4,1,-4,-9,-15,-13,-4,9,20,28,31,32,34,38,38,36,38,43,53,47,54,37,39,19,1,-4,-5,-1,-1,-4,-12,-24,-32,-28,-24,-25,-29,-33,-34,-37,-37,
-42,-41,-40,-41,-42,-42,-41,-41,-42,-43,-44,-43,-42,-40,-39,-39,-40,-42,-44,-46,-50,-57,-70,-87,-103,-116,-125,-127,-127,-127,-127,-127,-127,-127,-127,-127,-116,-108,-100,-93,-87,-74,-57,-35,-1,-1,26,36,43,48,54,60,61,54,48,44,38,35,33,32,27,17,11,4,-2,-9,-11,
0,0,0,0,0,0,0,0,0,0,0,0,0,0,0,0,0,1,2,4,7,13,23,35,53,72,87,96,106,120,127,127,127,127,127,127,127,127,127,127,127,127,127,127,127,101,61,28,-2,-27,-34,-28,-14,-7,-17,-33,-46,-47,-44,-44,-49,-56,-59,-60,-56,-46,-33,
0,0,-1,0,1,1,1,2,2,2,0,-3,-5,-6,-4,0,3,8,11,18,25,36,54,75,88,84,63,49,33,15,7,-1,-15,-37,-62,-86,-106,-122,-127,-127,-127,-127,-127,-127,-127,-127,-127,-127,-127,-127,-107,-61,1,42,61,62,54,40,31,33,42,48,49,42,38,42,46,
1,1,2,1,0,0,0,0,0,0,0,0,1,2,2,0,-2,-4,-6,-8,-9,-9,-13,-29,-56,-82,-93,-103,-114,-123,-127,-127,-125,-106,-91,-89,-89,-86,-80,-67,-54,-40,-26,-14,-17,-37,-48,-55,-63,-44,-14,17,40,55,57,52,46,46,50,50,45,43,50,64,76,80,82,
Wait,,,,,,,,,,,,,,,,,,,,,,,,,,,,,,,,,,,,,,,,,,,,,,,,,,,,,,,,,,,,,,,,,,,
Batch: 27,,,,,,,,,,,,,,,,,,,,,,,,,,,,,,,,,,,,,,,,,,,,,,,,,,,,,,,,,,,,,,,,,,,
0,,,,,,,,,,,,,,,,,,,,,,,,,,,,,,,,,,,,,,,,,,,,,,,,,,,,,,,,,,,,,,,,,,,
1,,,,,,,,,,,,,,,,,,,,,,,,,,,,,,,,,,,,,,,,,,,,,,,,,,,,,,,,,,,,,,,,,,,
Go,,,,,,,,,,,,,,,,,,,,,,,,,,,,,,,,,,,,,,,,,,,,,,,,,,,,,,,,,,,,,,,,,,,
-11,-11,-11,-11,-12,-13,-14,-12,-11,-11,-12,-12,-13,-12,-13,-12,-12,-12,-12,-12,-13,-13,-13,-13,-12,-12,-12,-12,-12,-12,-12,-12,-12,-12,-14,-18,-30,-43,-62,-79,-96,-109,-114,-107,-88,-71,-52,-43,-29,-15,-2,8,19,35,57,80,95,105,109,81,108,118,127,127,127,111,91,69
10,9,10,10,10,11,11,10,10,10,10,10,10,10,10,10,10,10,10,10,10,10,10,9,9,9,9,9,9,9,9,9,9,9,9,8,8,6,2,-4,-9,-14,-14,-10,-6,-5,-1,2,13,26,40,52,61,63,57,44,29,20,21,22,20,21,6,-6,-13,-14,-13,-14
-44,-44,-43,-43,-43,-44,-44,-44,-44,-44,-43,-43,-44,-43,-44,-44,-44,-43,-44,-44,-43,-43,-43,-44,-43,-43,-43,-44,-43,-43,-42,-43,-43,-44,-46,-49,-59,-70,-90,-115,-127,-127,-127,-127,-127,-127,-127,-127,-127,-117,-102,-88,-69,-62,-48,-35,-24,-24,-12,32,30,49,51,53,55,52,47,40
0,0,0,0,0,0,0,0,0,0,0,0,0,0,-1,-1,0,0,0,0,0,0,0,0,0,0,0,0,0,0,0,0,0,0,1,4,9,15,26,46,67,90,110,123,127,127,127,127,127,127,127,127,127,127,127,114,94,94,97,65,36,4,-15,-18,-14,-9,-12,-20
-1,0,0,1,0,0,0,-1,0,1,2,2,1,0,-1,-1,0,0,0,0,0,0,0,0,-1,0,0,0,0,0,0,0,0,1,7,13,25,36,55,67,67,45,25,-4,-23,-34,-39,-45,-56,-72,-87,-106,-127,-127,-127,-127,-127,-127,-127,-127,-127,-127,-117,-82,-52,-22,4,26
0,0,0,0,0,0,0,-1,-2,-2,-2,-1,-1,-1,0,-1,-1,-1,-1,-1,-1,-1,-1,-1,-1,-1,-1,-1,-1,-1,-1,-1,0,-2,-3,-3,-3,-12,-31,-54,-64,-66,-70,-84,-104,-122,-127,-127,-127,-127,-119,-111,-98,-78,-48,-22,-5,-9,-25,-16,-39,-43,-34,-14,12,35,49,54
Wait,,,,,,,,,,,,,,,,,,,,,,,,,,,,,,,,,,,,,,,,,,,,,,,,,,,,,,,,,,,,,,,,,,,
Batch: 28,,,,,,,,,,,,,,,,,,,,,,,,,,,,,,,,,,,,,,,,,,,,,,,,,,,,,,,,,,,,,,,,,,,
0,,,,,,,,,,,,,,,,,,,,,,,,,,,,,,,,,,,,,,,,,,,,,,,,,,,,,,,,,,,,,,,,,,,
1,,,,,,,,,,,,,,,,,,,,,,,,,,,,,,,,,,,,,,,,,,,,,,,,,,,,,,,,,,,,,,,,,,,
Go,,,,,,,,,,,,,,,,,,,,,,,,,,,,,,,,,,,,,,,,,,,,,,,,,,,,,,,,,,,,,,,,,,,
-12,-12,-12,-13,-13,-11,-11,-11,-13,-13,-13,-12,-12,-13,-13,-12,-12,-11,-10,-11,-12,-13,-13,-12,-11,-11,-12,-13,-13,-12,-12,-12,-12,-14,-17,-19,-21,-33,-57,-89,-110,-120,-125,-126,-114,-90,-65,-44,-27,-8,6,24,41,60,77,83,93,99,93,92,106,108,120,127,127,127,106,80
11,11,12,12,11,11,11,11,12,12,11,11,11,11,12,11,11,11,11,12,12,12,11,12,12,12,12,12,12,12,12,12,12,12,12,10,9,9,10,10,10,9,7,1,-1,1,10,24,35,46,54,57,54,50,43,29,25,26,32,26,19,20,14,7,-4,-14,-17,-16
-42,-42,-43,-43,-43,-43,-42,-43,-43,-43,-43,-43,-44,-45,-44,-44,-43,-42,-41,-41,-42,-43,-43,-43,-42,-42,-43,-44,-44,-43,-43,-43,-43,-44,-45,-47,-51,-60,-75,-94,-122,-127,-127,-127,-127,-127,-127,-127,-127,-117,-104,-93,-84,-74,-65,-57,-46,-27,5,18,14,38,49,55,60,59,56,50
0,0,0,-1,-1,0,0,0,0,0,0,0,0,0,0,0,0,0,0,0,0,0,0,0,0,0,0,0,0,0,0,0,0,0,1,2,4,10,20,38,63,90,107,125,127,127,127,127,127,127,127,127,127,124,114,115,123,127,127,63,57,24,0,-18,-22,-15,-11,-13
0,0,0,0,-1,-1,0,0,1,0,0,0,1,0,0,0,0,0,1,0,0,0,-1,-1,0,0,1,0,0,0,0,0,1,2,2,3,9,23,42,57,61,50,37,18,-6,-22,-39,-54,-76,-100,-127,-127,-127,-127,-127,-127,-127,-127,-127,-127,-127,-127,-127,-123,-78,-32,5,26
0,0,0,0,0,1,1,1,0,0,0,0,0,0,0,0,0,0,0,0,1,1,1,1,1,1,1,1,1,1,1,1,2,2,2,1,2,2,-3,-21,-44,-65,-85,-105,-124,-127,-127,-127,-127,-127,-124,-114,-105,-88,-63,-42,-34,-33,-34,-25,-34,-30,-19,-15,-7,8,29,45
Wait,,,,,,,,,,,,,,,,,,,,,,,,,,,,,,,,,,,,,,,,,,,,,,,,,,,,,,,,,,,,,,,,,,,
Batch: 29,,,,,,,,,,,,,,,,,,,,,,,,,,,,,,,,,,,,,,,,,,,,,,,,,,,,,,,,,,,,,,,,,,,
0,,,,,,,,,,,,,,,,,,,,,,,,,,,,,,,,,,,,,,,,,,,,,,,,,,,,,,,,,,,,,,,,,,,
1,,,,,,,,,,,,,,,,,,,,,,,,,,,,,,,,,,,,,,,,,,,,,,,,,,,,,,,,,,,,,,,,,,,
Go,,,,,,,,,,,,,,,,,,,,,,,,,,,,,,,,,,,,,,,,,,,,,,,,,,,,,,,,,,,,,,,,,,,
-10,-11,-11,-10,-10,-11,-12,-11,-12,-13,-13,-13,-12,-11,-10,-15,-21,-29,-35,-43,-47,-55,-66,-81,-89,-83,-69,-60,-49,-43,-40,-34,-31,-22,-16,-12,-9,-3,8,16,22,26,34,46,60,68,77,78,92,118,127,126,122,108,95,76,62,52,43,36,32,29,27,28,28,26,32,39
8,8,8,8,8,8,8,8,9,9,9,9,9,7,7,8,10,12,14,12,8,4,0,-1,-1,-1,-3,-6,-8,-5,-2,-2,-4,-4,-2,0,-1,2,7,13,14,15,16,17,16,15,16,13,11,13,4,-4,-11,-19,-22,-25,-28,-27,-28,-30,-37,-43,-44,-41,-41,-44,-47,-40
-43,-44,-43,-43,-44,-43,-43,-42,-43,-43,-43,-43,-43,-44,-46,-46,-47,-50,-54,-61,-71,-79,-88,-98,-109,-113,-111,-107,-104,-100,-101,-102,-102,-99,-97,-94,-91,-84,-76,-68,-62,-55,-46,-33,-24,-11,5,21,31,42,49,52,53,52,46,44,43,43,38,35,29,26,25,24,17,13,13,18
-1,-1,-1,-1,-1,0,0,0,0,0,0,0,-1,-1,0,2,4,6,6,7,13,23,35,50,61,66,68,75,87,97,102,104,107,113,119,122,124,127,127,127,126,120,111,104,94,85,72,50,37,20,7,0,-8,-16,-18,-17,-15,-14,-18,-25,-32,-32,-30,-31,-36,-41,-40,-38
0,0,-1,-1,0,0,0,1,1,0,0,0,0,1,4,8,6,4,3,10,24,41,48,39,15,0,-7,-6,-8,-14,-24,-34,-43,-49,-54,-60,-67,-82,-93,-106,-119,-127,-127,-127,-127,-127,-127,-127,-127,-127,-93,-62,-37,-18,-1,8,12,16,19,21,23,28,34,37,39,36,36,42
0,1,1,2,2,2,3,3,2,2,2,1,1,0,0,1,5,7,3,-12,-35,-51,-52,-44,-43,-57,-81,-98,-103,-101,-99,-104,-111,-112,-110,-107,-101,-95,-88,-80,-71,-64,-60,-58,-58,-61,-69,-52,-61,-60,-53,-40,-20,0,16,29,37,42,40,34,29,27,27,26,25,28,34,34
Wait,,,,,,,,,,,,,,,,,,,,,,,,,,,,,,,,,,,,,,,,,,,,,,,,,,,,,,,,,,,,,,,,,,,
Batch: 30,,,,,,,,,,,,,,,,,,,,,,,,,,,,,,,,,,,,,,,,,,,,,,,,,,,,,,,,,,,,,,,,,,,
0,,,,,,,,,,,,,,,,,,,,,,,,,,,,,,,,,,,,,,,,,,,,,,,,,,,,,,,,,,,,,,,,,,,
1,,,,,,,,,,,,,,,,,,,,,,,,,,,,,,,,,,,,,,,,,,,,,,,,,,,,,,,,,,,,,,,,,,,
Go,,,,,,,,,,,,,,,,,,,,,,,,,,,,,,,,,,,,,,,,,,,,,,,,,,,,,,,,,,,,,,,,,,,
-13,-12,-12,-15,-18,-16,-17,-22,-26,-33,-35,-31,-24,-23,-28,-32,-34,-37,-46,-59,-75,-82,-80,-70,-66,-61,-56,-51,-41,-30,-18,-4,7,18,23,24,22,23,31,36,44,53,59,64,74,88,93,106,117,116,104,87,70,59,52,48,47,45,41,41,43,46,43,40,35,37,49,58
12,13,13,13,10,9,10,10,10,10,10,10,9,9,9,8,6,4,1,0,-2,0,0,1,0,-5,-6,-2,1,4,5,6,4,3,6,5,8,6,10,9,10,6,4,6,5,8,3,0,-6,-15,-20,-24,-29,-28,-26,-28,-35,-43,-44,-41,-37,-34,-34,-37,-44,-48,-44,-37
-40,-40,-42,-44,-44,-45,-46,-47,-48,-48,-49,-48,-47,-47,-50,-55,-61,-66,-74,-82,-88,-94,-99,-100,-102,-108,-107,-107,-105,-103,-97,-93,-87,-79,-69,-59,-48,-39,-32,-26,-18,-11,0,13,26,38,47,51,51,50,46,43,40,39,38,36,32,26,25,24,27,26,23,15,8,3,7,5
1,1,0,-1,0,1,4,6,8,8,8,8,7,8,10,12,14,19,27,38,49,58,64,66,70,81,92,103,110,112,113,114,118,121,126,127,127,124,119,115,107,94,83,67,51,28,5,-9,-20,-25,-26,-30,-26,-21,-24,-30,-32,-27,-22,-20,-23,-30,-38,-46,-51,-49,-43,-38
3,6,8,8,4,3,6,13,18,15,5,-2,-4,-2,0,0,3,12,24,29,19,4,-7,-11,-9,-15,-21,-34,-49,-61,-67,-68,-69,-64,-61,-68,-84,-111,-127,-127,-127,-127,-121,-112,-109,-105,-105,-103,-79,-49,-25,-8,-4,-3,0,2,3,8,13,17,21,30,34,31,24,14,17,34
0,-2,-4,-6,-4,-1,-2,-8,-13,-14,-14,-14,-14,-13,-14,-18,-24,-30,-36,-40,-44,-51,-66,-85,-99,-103,-105,-107,-112,-120,-127,-127,-127,-127,-119,-98,-77,-57,-46,-42,-45,-51,-60,-55,-63,-61,-55,-48,-37,-22,-6,4,12,19,20,18,20,28,37,40,37,33,31,34,40,46,50,52
Wait,,,,,,,,,,,,,,,,,,,,,,,,,,,,,,,,,,,,,,,,,,,,,,,,,,,,,,,,,,,,,,,,,,,
Batch: 31,,,,,,,,,,,,,,,,,,,,,,,,,,,,,,,,,,,,,,,,,,,,,,,,,,,,,,,,,,,,,,,,,,,
0,,,,,,,,,,,,,,,,,,,,,,,,,,,,,,,,,,,,,,,,,,,,,,,,,,,,,,,,,,,,,,,,,,,
1,,,,,,,,,,,,,,,,,,,,,,,,,,,,,,,,,,,,,,,,,,,,,,,,,,,,,,,,,,,,,,,,,,,
Go,,,,,,,,,,,,,,,,,,,,,,,,,,,,,,,,,,,,,,,,,,,,,,,,,,,,,,,,,,,,,,,,,,,
-13,-13,-13,-13,-13,-12,-12,-12,-13,-14,-14,-14,-13,-12,-11,-12,-13,-14,-13,-13,-12,-11,-12,-13,-13,-13,-14,-14,-13,-13,-13,-14,-14,-14,-14,-16,-16,-18,-20,-25,-32,-48,-72,-94,-95,-84,-84,-85,-82,-70,-55,-37,-22,-11,-1,4,12,19,24,33,41,48,54,52,47,40,36,
7,8,8,8,7,8,8,7,8,8,8,8,8,8,8,8,8,8,8,8,8,7,8,8,8,8,7,7,7,8,8,8,8,8,8,7,7,6,5,4,3,4,7,5,8,12,10,5,2,2,1,0,3,8,14,17,20,18,16,12,10,7,6,4,3,0,-4,
-43,-43,-43,-44,-43,-44,-44,-43,-44,-44,-43,-44,-43,-43,-43,-43,-43,-43,-43,-43,-42,-42,-43,-43,-44,-44,-44,-45,-43,-42,-43,-43,-43,-43,-44,-43,-43,-45,-49,-54,-62,-70,-79,-93,-101,-105,-112,-120,-127,-127,-122,-112,-102,-89,-77,-68,-58,-54,-52,-46,-39,-32,-25,-16,-9,-4,2,
0,0,0,-1,-1,0,0,0,0,0,0,0,0,0,0,0,0,0,-1,-1,-1,0,0,0,0,0,0,0,0,0,0,0,0,0,0,0,0,0,1,4,10,18,28,41,53,62,70,78,88,94,100,111,125,127,127,127,124,113,106,101,97,94,90,85,76,67,56,
1,0,0,-1,-1,0,0,1,1,0,-1,-2,-2,0,0,1,1,0,-2,-3,-2,-1,0,0,0,0,0,-1,-1,0,0,-1,-1,-1,0,0,0,2,6,11,19,29,32,22,8,10,16,13,0,-16,-29,-36,-39,-44,-52,-61,-74,-86,-102,-112,-117,-115,-109,-104,-97,-95,-102,
0,0,0,0,0,0,0,0,0,1,1,1,0,0,0,0,0,0,1,1,1,0,0,0,0,0,0,0,0,1,1,1,0,0,0,1,2,3,4,4,5,8,5,-8,-31,-57,-74,-85,-98,-112,-125,-127,-127,-126,-120,-115,-109,-98,-88,-78,-68,-62,-55,-50,-49,-49,-44,
Wait,,,,,,,,,,,,,,,,,,,,,,,,,,,,,,,,,,,,,,,,,,,,,,,,,,,,,,,,,,,,,,,,,,,
Batch: 32,,,,,,,,,,,,,,,,,,,,,,,,,,,,,,,,,,,,,,,,,,,,,,,,,,,,,,,,,,,,,,,,,,,
0,,,,,,,,,,,,,,,,,,,,,,,,,,,,,,,,,,,,,,,,,,,,,,,,,,,,,,,,,,,,,,,,,,,
1,,,,,,,,,,,,,,,,,,,,,,,,,,,,,,,,,,,,,,,,,,,,,,,,,,,,,,,,,,,,,,,,,,,
Go,,,,,,,,,,,,,,,,,,,,,,,,,,,,,,,,,,,,,,,,,,,,,,,,,,,,,,,,,,,,,,,,,,,
-12,-12,-12,-11,-10,-10,-11,-12,-12,-11,-10,-9,-10,-12,-13,-12,-11,-11,-11,-12,-12,-12,-12,-12,-10,-10,-9,-10,-10,-9,-10,-10,-10,-11,-11,-11,-11,-13,-15,-17,-19,-25,-39,-58,-74,-84,-89,-89,-87,-80,-70,-58,-46,-28,-13,-1,7,15,22,28,31,34,37,44,50,52,49,43
9,9,9,9,8,9,8,9,9,9,8,8,8,9,9,10,8,8,8,8,8,9,8,8,8,8,9,8,8,8,8,9,9,9,9,9,9,9,9,9,9,8,8,8,9,7,4,0,-4,-9,-11,-9,-3,5,13,16,19,22,23,22,20,16,12,7,3,0,-3,-3
-44,-44,-44,-43,-44,-44,-44,-44,-45,-45,-44,-44,-43,-44,-44,-44,-44,-45,-45,-44,-44,-44,-44,-44,-43,-42,-43,-43,-44,-44,-45,-43,-44,-44,-44,-45,-46,-47,-47,-48,-50,-53,-58,-67,-79,-95,-111,-125,-127,-127,-127,-127,-127,-118,-105,-97,-83,-67,-54,-47,-44,-38,-34,-29,-23,-18,-15,-10
0,0,0,0,-1,0,0,0,0,-1,-1,-1,0,0,0,0,0,0,0,1,2,2,1,0,0,0,0,0,0,0,0,0,-1,-1,-2,-2,-1,0,0,0,0,3,8,15,24,34,44,52,64,77,95,114,127,127,127,127,127,127,127,124,117,107,98,92,89,85,76,65
-1,-2,-2,-1,0,0,0,0,-2,-2,0,1,2,1,0,-1,0,1,4,5,5,3,1,0,-1,-1,0,0,0,0,1,1,0,0,0,1,2,3,3,4,7,17,28,37,39,37,27,21,19,15,6,-7,-24,-40,-54,-62,-70,-76,-83,-92,-100,-108,-111,-112,-109,-102,-95,-95
1,1,0,0,0,0,0,0,1,0,-1,-1,0,0,1,0,0,-1,-2,-3,-2,-1,-1,-2,-1,0,0,0,0,0,0,0,0,1,1,0,0,0,-1,-1,-3,-6,-14,-27,-43,-58,-70,-87,-109,-127,-127,-127,-127,-126,-121,-119,-118,-112,-99,-85,-76,-75,-76,-72,-67,-65,-62,-52
Wait,,,,,,,,,,,,,,,,,,,,,,,,,,,,,,,,,,,,,,,,,,,,,,,,,,,,,,,,,,,,,,,,,,,
Batch: 33,,,,,,,,,,,,,,,,,,,,,,,,,,,,,,,,,,,,,,,,,,,,,,,,,,,,,,,,,,,,,,,,,,,
0,,,,,,,,,,,,,,,,,,,,,,,,,,,,,,,,,,,,,,,,,,,,,,,,,,,,,,,,,,,,,,,,,,,
1,,,,,,,,,,,,,,,,,,,,,,,,,,,,,,,,,,,,,,,,,,,,,,,,,,,,,,,,,,,,,,,,,,,
Go,,,,,,,,,,,,,,,,,,,,,,,,,,,,,,,,,,,,,,,,,,,,,,,,,,,,,,,,,,,,,,,,,,,
-12,-12,-11,-11,-12,-13,-14,-15,-14,-13,-11,-12,-12,-11,-10,-11,-11,-10,-10,-11,-12,-13,-13,-12,-12,-13,-14,-14,-14,-16,-20,-26,-28,-28,-29,-32,-35,-36,-36,-34,-33,-29,-30,-34,-44,-55,-64,-61,-53,-47,-46,-44,-42,-34,-19,-6,0,3,12,22,32,37,40,45,53,63,84,101
9,9,9,8,8,9,8,8,7,6,7,7,8,9,8,8,8,8,9,9,9,10,9,9,9,9,10,9,8,6,4,4,3,2,1,0,-1,-1,-1,0,0,0,-1,-4,-5,-7,-10,-10,-10,-12,-15,-16,-14,-11,-5,0,7,11,15,14,14,15,15,16,15,14,14,17
-43,-44,-43,-45,-44,-44,-46,-46,-46,-44,-44,-41,-41,-42,-43,-44,-45,-45,-44,-43,-44,-44,-44,-45,-44,-45,-45,-46,-48,-50,-52,-51,-53,-53,-55,-57,-57,-58,-58,-58,-59,-62,-67,-74,-81,-89,-96,-101,-106,-107,-109,-113,-114,-111,-103,-90,-80,-74,-61,-53,-47,-38,-29,-21,-9,4,18,36
-2,-2,-2,-2,-1,-1,-1,0,0,0,0,0,0,-1,-2,-2,-1,0,1,1,0,0,0,0,1,1,1,1,0,2,4,7,9,11,12,14,16,19,22,24,26,28,32,38,46,54,63,70,76,83,93,107,120,127,127,127,127,127,127,127,127,127,121,110,94,74,62,36
-2,-2,-1,0,2,2,2,1,1,2,2,0,-1,-3,-2,-2,-1,0,1,1,1,0,-1,-1,0,2,2,2,5,8,11,11,8,10,13,15,12,6,-2,-8,-10,-6,1,11,14,11,1,-8,-11,-6,-5,-7,-16,-28,-35,-40,-50,-67,-89,-106,-119,-127,-127,-127,-127,-127,-127,-127
1,0,0,0,0,0,0,0,-2,-3,-2,-1,0,1,0,0,0,0,0,0,1,2,1,1,0,0,0,0,-2,-4,-5,-7,-12,-18,-24,-27,-27,-27,-26,-28,-32,-38,-45,-50,-53,-57,-64,-75,-90,-104,-110,-111,-113,-121,-127,-127,-115,-103,-90,-76,-63,-56,-55,-59,-60,-47,-57,-54
Wait,,,,,,,,,,,,,,,,,,,,,,,,,,,,,,,,,,,,,,,,,,,,,,,,,,,,,,,,,,,,,,,,,,,
Batch: 34,,,,,,,,,,,,,,,,,,,,,,,,,,,,,,,,,,,,,,,,,,,,,,,,,,,,,,,,,,,,,,,,,,,
0,,,,,,,,,,,,,,,,,,,,,,,,,,,,,,,,,,,,,,,,,,,,,,,,,,,,,,,,,,,,,,,,,,,
1,,,,,,,,,,,,,,,,,,,,,,,,,,,,,,,,,,,,,,,,,,,,,,,,,,,,,,,,,,,,,,,,,,,
Go,,,,,,,,,,,,,,,,,,,,,,,,,,,,,,,,,,,,,,,,,,,,,,,,,,,,,,,,,,,,,,,,,,,
-14,-14,-15,-16,-16,-16,-17,-17,-17,-15,-17,-16,-16,-17,-17,-15,-14,-13,-17,-20,-23,-22,-21,-23,-22,-22,-23,-22,-19,-15,-16,-20,-28,-40,-53,-65,-71,-77,-87,-95,-91,-79,-65,-51,-44,-31,-21,-10,-3,5,12,30,46,61,68,77,83,95,120,127,127,127,127,127,105,80,62,46
11,11,11,11,11,11,12,12,12,12,11,11,10,11,12,11,10,10,10,10,10,10,10,9,7,6,7,8,6,6,6,5,4,2,0,0,0,0,-3,-6,-5,-3,-4,-6,-4,0,10,19,29,39,46,50,50,49,48,46,43,32,38,29,21,6,-8,-17,-16,-15,-16,-20
-42,-42,-42,-41,-42,-42,-41,-41,-42,-41,-42,-41,-42,-42,-43,-43,-44,-43,-45,-46,-47,-47,-48,-48,-47,-46,-47,-47,-47,-47,-48,-50,-55,-63,-71,-79,-87,-96,-105,-115,-120,-127,-127,-127,-127,-121,-111,-102,-95,-83,-72,-63,-53,-38,-20,-7,10,20,44,48,56,60,59,53,48,43,39,35
0,0,0,0,0,0,0,0,0,0,0,0,0,0,0,0,0,2,3,5,5,5,6,6,8,10,12,11,9,10,12,14,17,21,26,34,43,54,63,72,76,79,87,104,121,127,127,127,127,127,127,127,127,127,119,106,80,64,46,25,1,-19,-30,-22,-14,-16,-26,-37
-1,0,1,1,1,1,0,0,0,0,1,1,0,-1,-3,-3,0,4,7,6,4,2,4,9,11,11,5,-1,-5,-3,4,10,15,14,12,12,17,22,15,-3,-24,-42,-50,-52,-51,-54,-58,-67,-82,-100,-123,-127,-127,-127,-127,-127,-127,-127,-127,-127,-114,-83,-39,-1,21,30,32,34
2,1,0,0,0,0,-1,-1,-2,-2,-4,-4,-3,-1,-1,-3,-5,-7,-6,-5,-5,-6,-8,-15,-21,-20,-15,-13,-13,-13,-18,-21,-19,-14,-15,-32,-56,-72,-76,-77,-86,-104,-122,-127,-127,-127,-127,-127,-127,-127,-120,-109,-101,-96,-90,-86,-71,-68,-63,-48,-30,-10,11,38,60,70,69,64
Wait,,,,,,,,,,,,,,,,,,,,,,,,,,,,,,,,,,,,,,,,,,,,,,,,,,,,,,,,,,,,,,,,,,,
Batch: 35,,,,,,,,,,,,,,,,,,,,,,,,,,,,,,,,,,,,,,,,,,,,,,,,,,,,,,,,,,,,,,,,,,,
0,,,,,,,,,,,,,,,,,,,,,,,,,,,,,,,,,,,,,,,,,,,,,,,,,,,,,,,,,,,,,,,,,,,
1,,,,,,,,,,,,,,,,,,,,,,,,,,,,,,,,,,,,,,,,,,,,,,,,,,,,,,,,,,,,,,,,,,,
Go,,,,,,,,,,,,,,,,,,,,,,,,,,,,,,,,,,,,,,,,,,,,,,,,,,,,,,,,,,,,,,,,,,,
-18,-19,-21,-23,-24,-24,-26,-30,-34,-37,-36,-30,-23,-17,-16,-17,-17,-19,-16,-13,-11,-16,-25,-34,-40,-41,-51,-70,-86,-85,-69,-60,-59,-60,-56,-41,-28,-13,-6,-3,-2,0,8,26,42,45,35,37,43,58,72,94,112,120,127,127,127,117,92,72,61,54,43,46,45,41,35,31
13,12,12,12,11,10,11,11,12,11,12,12,10,9,9,9,8,7,6,5,5,4,4,2,0,-1,-3,-4,-5,0,-3,-10,-14,-14,-15,-14,-9,-8,-6,-6,-1,-1,5,3,9,13,18,19,18,22,24,20,27,17,10,0,-9,-16,-18,-18,-19,-23,-36,-46,-50,-47,-47,-50
-35,-35,-38,-41,-42,-42,-40,-40,-37,-39,-39,-38,-36,-36,-36,-36,-37,-39,-39,-39,-41,-44,-49,-56,-58,-64,-70,-81,-95,-96,-92,-91,-97,-102,-105,-104,-99,-90,-87,-84,-83,-82,-76,-68,-57,-48,-41,-32,-22,-7,5,17,41,47,54,59,59,57,52,46,43,39,36,31,27,22,16,12
-1,-1,0,0,1,3,6,8,8,7,7,4,3,3,5,5,4,3,3,3,3,5,8,12,17,22,33,46,62,67,60,63,73,83,94,105,115,118,119,120,127,127,127,127,127,127,127,116,112,105,88,74,47,25,10,-4,-13,-15,-13,-17,-31,-51,-59,-50,-36,-30,-30,-34
1,2,3,4,6,14,24,29,25,16,3,-6,-8,-3,5,10,9,3,-1,-1,3,12,19,25,23,27,41,52,51,36,26,22,15,0,-16,-28,-31,-31,-34,-44,-61,-85,-103,-117,-118,-113,-113,-115,-118,-117,-119,-118,-114,-115,-90,-66,-36,-8,5,9,6,6,-4,-5,5,15,19,20
-1,-1,0,0,-1,-6,-11,-15,-17,-15,-14,-14,-15,-16,-20,-24,-24,-20,-17,-17,-17,-17,-20,-23,-25,-26,-31,-44,-65,-92,-113,-117,-111,-107,-111,-119,-127,-127,-124,-115,-108,-102,-96,-86,-74,-68,-73,-76,-82,-84,-65,-68,-59,-52,-40,-22,0,21,35,39,37,31,27,34,48,53,49,43
Wait,,,,,,,,,,,,,,,,,,,,,,,,,,,,,,,,,,,,,,,,,,,,,,,,,,,,,,,,,,,,,,,,,,,
Batch: 36,,,,,,,,,,,,,,,,,,,,,,,,,,,,,,,,,,,,,,,,,,,,,,,,,,,,,,,,,,,,,,,,,,,
0,,,,,,,,,,,,,,,,,,,,,,,,,,,,,,,,,,,,,,,,,,,,,,,,,,,,,,,,,,,,,,,,,,,
1,,,,,,,,,,,,,,,,,,,,,,,,,,,,,,,,,,,,,,,,,,,,,,,,,,,,,,,,,,,,,,,,,,,
Go,,,,,,,,,,,,,,,,,,,,,,,,,,,,,,,,,,,,,,,,,,,,,,,,,,,,,,,,,,,,,,,,,,,
-21,-24,-26,-27,-25,-25,-25,-25,-24,-21,-22,-24,-24,-24,-21,-21,-23,-33,-48,-60,-68,-66,-64,-71,-78,-87,-84,-68,-48,-36,-31,-30,-20,-8,5,17,30,40,46,54,64,73,79,93,100,98,104,106,107,98,83,72,61,51,45,38,29,26,29,34,40,43,43,37,35,34,37,
7,7,7,8,7,7,6,6,5,5,5,4,4,2,0,-2,-5,-7,-6,-6,-6,-5,-6,-10,-15,-18,-14,-11,-14,-15,-12,-6,0,6,14,23,29,31,32,31,28,28,16,17,14,4,0,-1,-4,-9,-14,-19,-21,-27,-35,-41,-46,-46,-46,-43,-42,-44,-47,-52,-54,-55,-53,
-37,-36,-37,-37,-38,-38,-38,-38,-38,-36,-37,-39,-40,-41,-43,-47,-51,-56,-62,-70,-77,-77,-79,-87,-100,-114,-121,-117,-113,-109,-107,-108,-105,-97,-85,-71,-57,-47,-36,-22,-8,4,12,25,41,49,56,61,62,62,59,55,52,45,41,34,28,25,24,24,22,18,10,0,-4,-1,5,
0,0,0,-1,-2,-3,-2,-1,0,0,0,0,0,0,-2,0,2,9,18,26,35,37,39,43,54,69,82,90,100,114,127,127,127,127,127,127,127,127,127,123,110,101,80,73,54,45,40,28,12,-6,-19,-27,-38,-47,-49,-46,-39,-35,-34,-37,-42,-47,-49,-49,-46,-40,-31,
3,4,5,2,1,2,3,5,6,10,16,18,16,11,10,12,19,25,25,23,18,15,18,20,16,6,-7,-11,-4,5,1,-15,-37,-57,-74,-90,-104,-116,-125,-127,-127,-120,-116,-101,-85,-71,-61,-53,-40,-24,-13,-9,0,7,4,8,8,8,8,9,12,14,13,7,0,0,-3,
-5,-8,-13,-17,-19,-20,-19,-18,-19,-21,-25,-28,-28,-27,-26,-25,-23,-19,-17,-18,-27,-39,-50,-59,-64,-67,-83,-107,-127,-127,-127,-126,-124,-119,-112,-101,-90,-80,-75,-70,-69,-73,-51,-66,-59,-49,-35,-21,-7,3,13,20,19,18,17,21,27,28,27,23,19,20,25,37,49,57,60,
Wait,,,,,,,,,,,,,,,,,,,,,,,,,,,,,,,,,,,,,,,,,,,,,,,,,,,,,,,,,,,,,,,,,,,
Batch: 37,,,,,,,,,,,,,,,,,,,,,,,,,,,,,,,,,,,,,,,,,,,,,,,,,,,,,,,,,,,,,,,,,,,
0,,,,,,,,,,,,,,,,,,,,,,,,,,,,,,,,,,,,,,,,,,,,,,,,,,,,,,,,,,,,,,,,,,,
1,,,,,,,,,,,,,,,,,,,,,,,,,,,,,,,,,,,,,,,,,,,,,,,,,,,,,,,,,,,,,,,,,,,
Go,,,,,,,,,,,,,,,,,,,,,,,,,,,,,,,,,,,,,,,,,,,,,,,,,,,,,,,,,,,,,,,,,,,
-19,-19,-18,-18,-19,-21,-22,-23,-22,-21,-19,-19,-18,-17,-15,-14,-12,-11,-11,-13,-15,-13,-12,-14,-16,-21,-24,-27,-31,-43,-67,-85,-93,-98,-108,-121,-127,-118,-100,-86,-76,-57,-34,-6,14,37,56,86,112,127,127,119,127,127,127,127,121,106,84,60,43,32,25,23,19,24,32,33
10,9,9,9,10,9,9,11,10,10,10,11,10,11,10,10,10,10,10,9,10,10,11,11,10,9,9,9,9,10,10,11,13,10,6,4,3,5,10,19,31,44,60,75,85,87,85,76,70,47,31,21,27,21,4,-9,-17,-19,-20,-23,-26,-30,-34,-41,-49,-60,-61,-58
-40,-40,-39,-40,-41,-41,-40,-39,-39,-38,-38,-38,-36,-37,-37,-37,-37,-37,-38,-40,-39,-38,-38,-38,-40,-42,-42,-46,-51,-59,-68,-80,-91,-104,-121,-127,-127,-127,-127,-127,-127,-127,-120,-107,-99,-88,-68,-55,-25,-7,5,22,41,50,52,54,54,52,47,43,39,34,30,25,24,19,19,14
-1,-1,-1,0,0,0,0,0,0,0,0,0,0,-1,-1,0,0,-1,-1,-1,0,0,0,-1,-1,0,0,1,4,11,21,36,50,61,75,92,113,127,127,127,127,127,127,127,127,127,127,127,127,97,88,71,65,42,17,4,1,3,0,-13,-27,-38,-49,-59,-64,-51,-41,-32
0,0,0,0,1,1,0,-1,-2,-2,-2,-3,-5,-6,-4,-1,0,1,1,0,-2,-3,0,3,5,6,4,3,7,20,37,41,39,37,37,31,21,9,8,7,-3,-29,-54,-81,-112,-127,-127,-127,-127,-127,-127,-119,-95,-89,-79,-68,-44,-18,2,13,15,14,13,12,8,0,11,19
3,2,1,2,3,3,3,1,0,-1,0,0,1,1,0,-1,-1,-1,0,3,5,5,5,3,2,3,6,9,11,5,-10,-27,-41,-55,-73,-96,-126,-127,-127,-127,-127,-127,-127,-127,-127,-127,-110,-86,-67,-54,-59,-43,-57,-48,-28,-2,19,35,44,45,39,28,17,7,0,1,6,10
